Date,Supply,Spread,
10/1/99,106.5196733,0.13,
10/8/99,99.96219825,0.125,
10/15/99,91.66484751,0.1576,
10/22/99,64.92670884,0.1746,
10/29/99,45.72686229,0.1696,
11/5/99,46.21842921,0.1172,
11/12/99,76.17822229,0.0888,
11/19/99,86.42209197,0.0592,
11/26/99,136.5836688,0.015333333,
12/3/99,141.3152713,0.0258,
12/10/99,169.9375565,0.0122,
12/17/99,154.6688481,0.0454,
12/24/99,70.88857348,0.03025,
12/31/99,29.28395295,0.00725,
1/7/00,70.04600849,-0.02325,
1/14/00,-38.58375514,-0.0192,
1/21/00,-89.58796223,-0.00825,
1/28/00,-195.8728912,0.0304,
2/4/00,-266.1731772,0.094,
2/11/00,-282.6807958,0.0248,
2/18/00,-291.7337706,-0.0162,
2/25/00,-241.3046958,-0.01525,
3/3/00,-180.6322025,0.122,
3/10/00,-134.2626657,0.1272,
3/17/00,-163.984496,0.1256,
3/24/00,-176.3623634,0.1262,
3/31/00,-166.8637528,0.1316,
4/7/00,-148.9960319,0.1308,
4/14/00,-209.9999947,0.145,
4/21/00,-229.5958791,0.15225,
4/28/00,-248.7005302,0.1538,
5/5/00,-252.8265216,0.165,-0.1956
5/12/00,-286.5296951,0.178,3.248
5/19/00,-311.774725,0.2112,
5/26/00,-342.4729521,0.228,
6/2/00,-356.1760809,0.22625,
6/9/00,-357.9196662,0.2156,
6/16/00,-371.9236555,0.227,
6/23/00,-379.1099718,0.2434,
6/30/00,-383.0655845,0.2874,
7/7/00,-355.0018715,0.266333333,
7/14/00,-350.3461954,0.215,
7/21/00,-345.5699134,0.1612,
7/28/00,-330.1029955,0.143,
8/4/00,-310.6718648,0.169,
8/11/00,-309.2193336,0.2422,
8/18/00,-309.2524912,0.2428,
8/25/00,-313.7145065,0.262,
9/1/00,-330.8669957,0.264,
9/8/00,-325.042238,0.2925,
9/15/00,-331.1330629,0.2958,
9/22/00,-325.2063149,0.2936,
9/29/00,-308.3380901,0.2578,
10/6/00,-319.8117639,0.2476,
10/13/00,-356.2507845,0.2528,
10/20/00,-344.3541893,0.242,
10/27/00,-322.7473991,0.229,
11/3/00,-317.3519773,0.1976,
11/10/00,-341.1268222,0.2466,
11/17/00,-417.9707513,0.4398,
11/24/00,-540.3557558,0.643333333,
12/1/00,-574.6535626,0.6612,
12/8/00,-647.8753075,1.261,
12/15/00,-691.7957935,1.9838,
12/22/00,-753.5780507,2.0686,
12/29/00,-863.9795102,2.20975,
1/5/01,-918.175119,2.09975,
1/12/01,-856.331464,2.0148,
1/19/01,-777.2359718,1.11525,
1/26/01,-747.4680475,0.889,
2/2/01,-701.8282534,0.5926,
2/9/01,-660.566863,0.2824,
2/16/01,-616.9707697,0.0682,
2/23/01,-615.0120899,-0.013,
3/2/01,-595.0718545,0.2862,
3/9/01,-595.6481757,0.358,
3/16/01,-575.8462799,0.3528,
3/23/01,-554.8906065,0.4084,
3/30/01,-600.2132791,0.471,
4/6/01,-582.134009,0.4846,
4/13/01,-541.5222447,0.56625,
4/20/01,-548.6771167,0.479,
4/27/01,-503.5697262,0.4452,
5/4/01,-461.5807398,0.3636,
5/11/01,-434.3152778,0.3196,
5/18/01,-400.5986407,0.3458,
5/25/01,-394.3964258,0.3176,
6/1/01,-379.2956785,0.33875,
6/8/01,-356.1243866,0.359,
6/15/01,-326.1333589,0.4192,
6/22/01,-296.3266492,0.4376,
6/29/01,-262.1608132,0.311,
7/6/01,-223.016468,0.237,
7/13/01,-181.1606966,0.2272,
7/20/01,-145.9468866,0.199,
7/27/01,-120.0464227,0.1664,
8/3/01,-84.14043175,0.1754,
8/10/01,-81.2677941,0.1404,
8/17/01,-43.94256796,0.1526,
8/24/01,-19.06561211,0.1206,
8/31/01,5.084035216,0.0886,
9/7/01,38.04517456,0.09525,
9/14/01,57.99565864,0.064333333,
9/21/01,81.99208803,0.0824,
9/28/01,92.08155298,0.0586,
10/5/01,91.61776935,0.0836,
10/12/01,97.31383618,0.0976,
10/19/01,70.41958595,0.0866,
10/26/01,54.38366489,0.1032,
11/2/01,44.38199146,0.103,
11/9/01,59.34576138,0.059,
11/16/01,105.6944067,0.0232,
11/23/01,161.6735256,0.042666667,
11/30/01,203.9061348,0.0452,
12/7/01,262.7112943,0.0214,
12/14/01,324.2205423,0.036,
12/21/01,350.8966902,0.0284,
12/28/01,323.8480304,0.022333333,
1/4/02,226.0348481,-0.0145,
1/11/02,233.9208272,-0.0352,
1/18/02,262.1160186,-0.0334,
1/25/02,300.9367961,-0.07125,
2/1/02,365.5166704,-0.0714,
2/8/02,323.5470699,-0.0716,
2/15/02,320.7922313,-0.0598,
2/22/02,359.2805161,-0.0325,
3/1/02,309.4884935,0.0672,
3/8/02,295.9663144,0.152,
3/15/02,242.2919362,0.189,
3/22/02,191.5811505,0.23,
3/29/02,143.4371946,0.2485,
4/5/02,149.7280139,0.2558,
4/12/02,135.9555053,0.218,
4/19/02,163.2416458,0.2256,
4/26/02,135.5610778,0.227,
5/3/02,108.665042,0.227,
5/10/02,93.89913963,0.222,
5/17/02,84.5774436,0.2182,
5/24/02,74.68010057,0.1926,
5/31/02,92.58472399,0.1675,
6/7/02,99.67089304,0.156,
6/14/02,105.6569378,0.1382,
6/21/02,125.4566733,0.1226,
6/28/02,127.7439581,0.1108,
7/5/02,125.9689355,0.09,
7/12/02,135.0248021,0.069,
7/19/02,156.6761402,0.0564,
7/26/02,162.0101501,0.071,
8/2/02,155.3910013,0.077,
8/9/02,164.6837454,0.0624,
8/16/02,153.3673553,0.0968,
8/23/02,162.5832822,0.126,
8/30/02,175.0350662,0.1264,
9/6/02,184.1325871,0.108,
9/13/02,181.1243801,0.1278,
9/20/02,177.1904909,0.1554,
9/27/02,166.5011961,0.1602,
10/4/02,134.0473026,0.1658,
10/11/02,116.8784569,0.148,
10/18/02,90.19336117,0.206,
10/25/02,52.51472884,0.186,
11/1/02,-4.884039805,0.1688,
11/8/02,-73.18165506,0.1036,
11/15/02,-60.64043526,0.094,
11/22/02,-83.29719297,0.1902,
11/29/02,-135.5341678,0.153333333,
12/6/02,-221.7021038,0.1436,
12/13/02,-274.7631219,0.256,
12/20/02,-261.6285689,0.454,
12/27/02,-284.324429,0.38125,
1/3/03,-267.7551847,0.2395,
1/10/03,-251.8268816,0.1768,
1/17/03,-314.531991,0.2924,
1/24/03,-408.6583602,0.3355,
1/31/03,-472.1384058,0.3306,
2/7/03,-490.3389973,0.2548,
2/14/03,-570.4447678,0.2224,
2/21/03,-610.4268779,0.224,
2/28/03,-691.9511585,1.5072,
3/7/03,-715.4191956,0.634,
3/14/03,-758.5698477,0.596,
3/21/03,-727.9470925,0.486,
3/28/03,-678.9123317,0.478,
4/4/03,-671.4099632,0.416,
4/11/03,-746.5667446,0.4114,
4/18/03,-728.8395918,0.53,
4/25/03,-736.3081182,0.646,
5/2/03,-721.0891762,0.5782,
5/9/03,-734.886443,0.6234,
5/16/03,-723.2464721,0.8456,
5/23/03,-711.2433731,0.9174,
5/30/03,-687.5348736,0.85625,
6/6/03,-644.5338273,0.9128,
6/13/03,-606.5527656,0.838,
6/20/03,-555.7600041,0.7506,
6/27/03,-525.3512706,0.747,
7/4/03,-448.0456611,0.59,
7/11/03,-413.7896992,0.6006,
7/18/03,-379.7008329,0.5526,
7/25/03,-341.9332771,0.5446,
8/1/03,-306.0775656,0.491,
8/8/03,-266.3647151,0.4534,
8/15/03,-238.3227214,0.5012,
8/22/03,-235.7678234,0.488,
8/29/03,-222.0139029,0.4694,
9/5/03,-188.7800003,0.4325,
9/12/03,-160.7468984,0.432,
9/19/03,-131.6111062,0.3946,
9/26/03,-90.07916079,0.3218,
10/3/03,-81.52316413,0.2862,
10/10/03,-70.55692243,0.4694,
10/17/03,-46.03286361,0.664,
10/24/03,-40.35420721,0.4074,
10/31/03,-37.15007107,0.267,
11/7/03,-25.70907151,0.2682,
11/14/03,-43.97527725,0.312,
11/21/03,-18.26791155,0.295,
11/28/03,-37.9744704,0.29,
12/5/03,-72.11550186,0.6458,
12/12/03,-98.74678608,1.19,
12/19/03,-140.153828,1.257,
12/26/03,-118.4968884,0.838333333,
1/2/04,-66.54521758,0.774666667,
1/9/04,-65.57459047,1.14,
1/16/04,-63.18000056,0.742,
1/23/04,-103.2535165,0.627,
1/30/04,-192.793482,0.3762,
2/6/04,-283.2250645,0.2446,
2/13/04,-330.6817669,0.0722,
2/20/04,-379.134272,0.03475,
2/27/04,-379.3908106,0.1972,
3/5/04,-327.8047056,0.574,
3/12/04,-334.4316316,0.6,
3/19/04,-374.4753356,0.661,
3/26/04,-379.261858,0.617,
4/2/04,-343.5479403,0.664,
4/9/04,-358.0889946,0.718,
4/16/04,-372.9208293,0.6904,
4/23/04,-355.1773142,0.614,
4/30/04,-350.8433943,0.739,
5/7/04,-353.6720256,0.907,
5/14/04,-348.0703878,0.852,
5/21/04,-343.1668467,0.734,
5/28/04,-347.6544711,0.787,
6/4/04,-328.7385477,0.687,
6/11/04,-311.762469,0.62,
6/18/04,-303.9766815,0.7402,
6/25/04,-278.4464993,0.733,
7/2/04,-240.0602576,0.6314,
7/9/04,-193.6042004,0.66625,
7/16/04,-165.0778061,0.592,
7/23/04,-138.8767043,0.644,
7/30/04,-96.54613248,0.6526,
8/6/04,-69.41317567,0.5804,
8/13/04,-41.01279812,0.5934,
8/20/04,-8.118929092,0.645,
8/27/04,18.93712808,0.6374,
9/3/04,32.30741227,0.5236,
9/10/04,57.38182314,0.54125,
9/17/04,53.58729675,0.5456,
9/24/04,62.34048232,0.6408,
10/1/04,66.90636913,0.927,
10/8/04,67.00769826,1.2458,
10/15/04,69.74091161,1.2492,
10/22/04,45.77685674,1.415,
10/29/04,58.58389766,1.52,
11/5/04,71.76351204,1.3368,
11/12/04,79.68988076,0.96,
11/19/04,89.76136987,0.901,
11/26/04,124.585227,0.895,
12/3/04,114.4711,0.6536,
12/10/04,162.2695497,0.4706,
12/17/04,150.3209129,0.623,
12/24/04,75.3306522,0.4025,
12/31/04,29.66474956,0.18375,
1/7/05,97.6777007,0.0688,
1/14/05,-12.95206293,0.0934,
1/21/05,-82.41739494,0.094,
1/28/05,-112.3985797,0.061,
2/4/05,-140.9611559,-0.0284,
2/11/05,-103.5897099,-0.0612,
2/18/05,-65.36563134,-0.076,
2/25/05,-55.2591159,0.18075,
3/4/05,-97.2235328,1.143,
3/11/05,-111.5630138,1.171,
3/18/05,-160.6561421,1.172,
3/25/05,-186.359891,1.1725,
4/1/05,-162.9642598,1.252,
4/8/05,-103.0347247,1.187,
4/15/05,-82.96744171,1.116,
4/22/05,-53.36901375,1.085,
4/29/05,-75.42861012,1.086,
5/6/05,-89.9967321,1.047,
5/13/05,-79.87656171,1.005,
5/20/05,-67.33322502,0.881,
5/27/05,-66.55038719,0.9304,
6/3/05,-54.25713787,1.0225,
6/10/05,-65.44720501,1.033,
6/17/05,-63.4954359,1.053,
6/24/05,-44.73598738,1.101,
7/1/05,-47.10125162,0.941,
7/8/05,-26.65205787,1.01625,
7/15/05,-36.01128827,1.128,
7/22/05,-41.05818263,1.1146,
7/29/05,-48.43442823,1.1104,
8/5/05,-46.63909491,1.231,
8/12/05,-40.09718351,1.408,
8/19/05,-30.35076092,1.476,
8/26/05,-24.13063294,1.597,
9/2/05,-42.7858596,2.303,
9/9/05,-21.29580184,2.49,
9/16/05,-22.19851841,2.212,
9/23/05,-41.94125414,2.572,
9/30/05,-58.9818045,2.778,
10/7/05,-78.42506813,3.158,
10/14/05,-71.2052845,2.928,
10/21/05,-56.27812518,2.786,
10/28/05,-77.89725115,2.64,
11/4/05,-48.4949419,1.816,
11/11/05,-16.58173933,2.141,
11/18/05,-10.45909281,2.018,
11/25/05,-32.01647791,1.736666667,
12/2/05,-50.65200446,2.054,
12/9/05,-173.7194788,2.91,
12/16/05,-225.4638003,3.248,
12/23/05,-274.9259859,2.58,
12/30/05,-169.5374314,1.135,
1/6/06,-82.79432239,0.42625,
1/13/06,29.30022824,0.09,
1/20/06,110.9345955,-0.00625,
1/27/06,182.006264,-0.104,
2/3/06,294.3837679,-0.121,
2/10/06,329.5242229,-0.1956,
2/17/06,334.3973696,-0.1838,
2/24/06,282.0334901,-0.15175,
3/3/06,295.3368152,1.734,
3/10/06,322.0514762,1.632,
3/17/06,339.482074,1.684,
3/24/06,261.111866,1.693,
3/31/06,264.6862139,1.566,
4/7/06,299.8272982,1.613,
4/14/06,326.5103083,1.71,
4/21/06,362.5497487,2.122,
4/28/06,353.7021939,1.936,
5/5/06,369.2490497,1.928,
5/12/06,379.3378557,1.938,
5/19/06,380.8428593,1.7,
5/26/06,374.5261392,1.642,
6/2/06,357.6232646,1.815,
6/9/06,349.3480746,1.95,
6/16/06,349.2948607,2.021,
6/23/06,336.0473352,2,
6/30/06,339.8035197,1.882,
7/7/06,356.3333456,1.736666667,
7/14/06,352.1742105,1.697,
7/21/06,300.5648442,1.688,
7/28/06,274.6221446,1.93,
8/4/06,220.8923382,2.418,
8/11/06,211.854356,2.2894,
8/18/06,217.9591624,2.441,
8/25/06,213.5182614,2.418,
9/1/06,229.1651714,2.186,
9/8/06,268.7916107,1.9825,
9/15/06,285.9302031,1.596,
9/22/06,289.2571488,0.704,
9/29/06,300.4378386,0.506,
10/6/06,284.0044651,0.579,
10/13/06,268.3593362,0.566,
10/20/06,224.49565,0.5094,
10/27/06,164.2338128,0.5694,
11/3/06,125.2390268,0.486,
11/10/06,108.8908442,0.4478,
11/17/06,122.2060652,0.466,
11/24/06,118.0128035,0.364,
12/1/06,147.907693,0.3718,
12/8/06,59.86712309,0.147,
12/15/06,100.5525355,0.0904,
12/22/06,168.548755,-0.0176,
12/29/06,227.2901092,-0.095,
1/5/07,286.4156448,-0.103333333,
1/12/07,357.5525194,-0.0768,
1/19/07,343.2865859,-0.09875,
1/26/07,318.4111076,0.005,
2/2/07,246.7286917,-0.0226,
2/9/07,126.6381557,0.0032,
2/16/07,33.16037051,-0.0642,
2/23/07,21.32609603,-0.057,
3/2/07,18.89716315,1.0848,
3/9/07,-13.33403372,1.359,
3/16/07,44.62029007,1.302,
3/23/07,48.58362296,1.37,
3/30/07,120.3366876,1.502,
4/6/07,159.689321,1.48,
4/13/07,82.98805835,1.437,
4/20/07,56.46851116,1.349,
4/27/07,80.8329979,1.346,
5/4/07,106.4948316,1.333,
5/11/07,119.5522731,1.268,
5/18/07,141.0189435,1.345,
5/25/07,160.6026655,1.344,
6/1/07,175.503667,1.2975,
6/8/07,181.1433543,1.313,
6/15/07,190.0851573,1.252,
6/22/07,208.8306577,1.142,
6/29/07,216.708291,0.862,
7/6/07,249.3187491,0.83375,
7/13/07,250.3597092,0.735,
7/20/07,276.187871,0.672,
7/27/07,307.6787174,0.645,
8/3/07,307.4237713,0.561,
8/10/07,281.8058954,0.625,
8/17/07,253.2690856,0.694,
8/24/07,243.1671557,0.4876,
8/31/07,223.1162023,0.444,
9/7/07,217.8790233,0.363,
9/14/07,204.0589246,0.4024,
9/21/07,203.4555517,0.422,
9/28/07,197.8574817,0.386,
10/5/07,191.4339984,0.407,
10/12/07,160.9239569,0.356,
10/19/07,165.2694253,0.377,
10/26/07,179.3648767,0.2824,
11/2/07,182.9729956,0.3896,
11/9/07,152.3634278,0.312,
11/16/07,170.8712232,0.317,
11/23/07,187.0420849,0.2425,
11/30/07,140.4673904,0.1486,
12/7/07,75.45372498,0.0548,
12/14/07,67.56887135,0.024,
12/21/07,18.02349589,-0.0126,
12/28/07,38.11764975,-0.0325,
1/4/08,-23.37438811,-0.00125,
1/11/08,79.80481057,0.0384,
1/18/08,91.63857632,0.0416,
1/25/08,-19.18404868,0.00875,
2/1/08,-64.92638448,0.0002,
2/8/08,-44.24791145,-0.027,
2/15/08,-85.07662857,-0.0278,
2/22/08,-114.381298,-0.01525,
2/29/08,-148.5424889,0.5274,
3/7/08,-150.7195437,1.434,
3/14/08,-194.2414938,1.647,
3/21/08,-203.9446201,1.46625,
3/28/08,-219.0128386,1.584,
4/4/08,-216.4486561,1.558,
4/11/08,-220.5341916,1.651,
4/18/08,-241.6127264,1.773,
4/25/08,-219.0361981,1.775,
5/2/08,-225.2593866,1.829,
5/9/08,-215.2333095,1.816,
5/16/08,-213.8049722,1.783,
5/23/08,-215.3208081,1.754,
5/30/08,-206.6159306,1.88375,
6/6/08,-214.0613661,2.095,
6/13/08,-238.124546,2.163,
6/20/08,-229.3860197,2.205,
6/27/08,-215.3869377,2.161,
7/4/08,-199.6958474,2.16,
7/11/08,-160.4547921,1.778,
7/18/08,-122.1891022,1.409,
7/25/08,-103.2647098,0.96,
8/1/08,-90.04479564,0.721,
8/8/08,-87.24256508,0.548,
8/15/08,-51.42099108,0.442,
8/22/08,-3.183949917,0.3186,
8/29/08,30.06723326,0.3536,
9/5/08,17.96643587,0.22,
9/12/08,7.187646082,0.205,
9/19/08,-17.34604542,0.232,
9/26/08,6.277124844,0.217,
10/3/08,13.86353165,0.149,
10/10/08,22.48857758,0.105,
10/17/08,28.04320049,0.13,
10/24/08,21.4959407,0.105,
10/31/08,7.706964298,0.0584,
11/7/08,45.83601133,0.065,
11/14/08,76.53638122,0.0414,
11/21/08,39.07136635,0.023,
11/28/08,17.02708778,0.02625,
12/5/08,32.04032688,-0.0204,
12/12/08,22.58520717,-0.0602,
12/19/08,-7.501763235,-0.056,
12/26/08,-42.05480966,-0.048,
1/2/09,21.83557903,-0.04375,
1/9/09,92.05710174,-0.0462,
1/16/09,84.99056674,-0.0676,
1/23/09,64.220795,-0.0655,
1/30/09,25.41853932,-0.0698,
2/6/09,8.866021367,-0.0494,
2/13/09,117.6863723,-0.0362,
2/20/09,139.911308,-0.02525,
2/27/09,140.0178591,0.1306,
3/6/09,112.8949463,0.2964,
3/13/09,124.8967223,0.2864,
3/20/09,154.5271369,0.287,
3/27/09,168.6376351,0.256,
4/3/09,205.4133668,0.209,
4/10/09,194.9435584,0.1875,
4/17/09,195.3060361,0.1824,
4/24/09,213.0946059,0.1896,
5/1/09,228.9863952,0.155,
5/8/09,238.9811079,0.174,
5/15/09,256.3711121,0.189,
5/22/09,272.7557182,0.162,
5/29/09,299.2644719,0.128,
6/5/09,316.7339135,0.139,
6/12/09,348.6657506,0.137,
6/19/09,360.3973029,0.137,
6/26/09,358.5178336,0.1226,
7/3/09,358.2895561,0.1095,
7/10/09,382.7307067,0.0738,
7/17/09,402.4339246,0.0776,
7/24/09,426.791863,0.0898,
7/31/09,449.4866374,0.066,
8/7/09,464.7089744,0.083,
8/14/09,463.8889322,0.062,
8/21/09,463.4649444,0.0352,
8/28/09,471.0182642,0.0186,
9/4/09,469.0538484,-0.0052,
9/11/09,456.3163676,-0.0045,
9/18/09,446.8523575,0.0068,
9/25/09,446.696768,0.0164,
10/2/09,434.2930649,0.0224,
10/9/09,421.0531983,0.0444,
10/16/09,373.8169757,0.0358,
10/23/09,345.6270046,0.04,
10/30/09,341.440933,0.012,
11/6/09,344.3085949,-0.0016,
11/13/09,379.2015392,-0.0154,
11/20/09,410.1006478,-0.0266,
11/27/09,454.5867852,-0.026,
12/4/09,473.6269288,-0.0456,
12/11/09,382.601543,-0.0292,
12/18/09,334.9729776,0.0084,
12/25/09,320.7727309,0.029,
1/1/10,274.0455462,0.037,
1/8/10,173.3093929,0.0498,
1/15/10,101.3425572,0.032,
1/22/10,182.6256387,0.04175,
1/29/10,225.7634631,0.0212,
2/5/10,177.9799542,0.029,
2/12/10,124.4493733,0.0206,
2/19/10,76.20391393,0.0065,
2/26/10,64.57820708,0.1326,
3/5/10,39.50943638,0.3592,
3/12/10,69.03493836,0.3126,
3/19/10,107.9988939,0.2726,
3/26/10,134.2881088,0.2484,
4/2/10,183.2753897,0.21325,
4/9/10,235.4213084,0.2342,
4/16/10,263.2247985,0.2182,
4/23/10,282.2254099,0.193,
4/30/10,291.232177,0.1926,
5/7/10,303.1955253,0.155,
5/14/10,291.5471964,0.1694,
5/21/10,303.8322446,0.191,
5/28/10,294.1448743,0.1822,
6/4/10,303.5291931,0.20575,
6/11/10,306.4560472,0.2356,
6/18/10,306.1806254,0.3672,
6/25/10,292.4226049,0.2698,
7/2/10,293.2749596,0.2374,
7/9/10,306.9162054,0.19525,
7/16/10,312.0569514,0.1744,
7/23/10,290.8484358,0.1822,
7/30/10,275.0180705,0.1908,
8/6/10,263.6605139,0.1628,
8/13/10,239.1988555,0.1316,
8/20/10,225.1138388,0.1134,
8/27/10,217.9692952,0.0892,
9/3/10,204.141261,0.0786,
9/10/10,228.4450891,0.06725,
9/17/10,225.0507604,0.081,
9/24/10,234.1164111,0.0708,
10/1/10,235.7225982,0.0376,
10/8/10,254.617819,0.0288,
10/15/10,281.5907509,0.0348,
10/22/10,298.7580686,0.0268,
10/29/10,332.1749018,0.0238,
11/5/10,328.7811784,0.0234,
11/12/10,337.8666972,0.0258,
11/19/10,361.1299292,0.028,
11/26/10,381.1464826,0.0465,
12/3/10,377.2135307,0.0302,
12/10/10,330.6178788,0.0386,
12/17/10,266.4477185,0.0182,
12/24/10,240.6002715,0.003,
12/31/10,219.2555133,0.0118,
1/7/11,250.5616841,0.032,
1/14/11,5.931920444,0.005,
1/21/11,6.105162782,0.01,
1/28/11,-12.51942451,-0.0096,
2/4/11,-63.4042107,-0.0196,
2/11/11,-151.3846912,-0.045,
2/18/11,-94.23449117,-0.0446,
2/25/11,-53.92092999,-0.00375,
3/4/11,-22.25451517,0.1304,
3/11/11,8.751128146,0.1278,
3/18/11,46.81042785,0.129,
3/25/11,85.11433846,0.1618,
4/1/11,55.58570697,0.1532,
4/8/11,100.7886053,0.1422,
4/15/11,116.5428614,0.1374,
4/22/11,100.7766141,0.13725,
4/29/11,106.974114,0.151,
5/6/11,103.0788393,0.153,
5/13/11,108.9909891,0.1284,
5/20/11,126.2843592,0.1272,
5/27/11,118.4487041,0.1398,
6/3/11,99.54220759,0.16025,
6/10/11,77.82053584,0.1722,
6/17/11,90.72308031,0.1492,
6/24/11,84.42131959,0.1334,
7/1/11,104.7678525,0.12,
7/8/11,112.6831593,0.09375,
7/15/11,105.5091176,0.0886,
7/22/11,101.0765749,0.0842,
7/29/11,98.29071189,0.0752,
8/5/11,77.92510811,0.0526,
8/12/11,78.97650603,0.0468,
8/19/11,97.86089268,0.0322,
8/26/11,96.10213492,0.0332,
9/2/11,102.2463075,0.0278,
9/9/11,114.5380469,0.02275,
9/16/11,124.8647475,0.0266,
9/23/11,156.5222095,0.0132,
9/30/11,187.7941243,0.0126,
10/7/11,217.3911609,0.0126,
10/14/11,247.4048362,0.0134,
10/21/11,273.5717141,0.0136,
10/28/11,295.0839607,0.009,
11/4/11,298.0960622,0.0044,
11/11/11,289.4359271,-0.0026,
11/18/11,313.7177237,-0.0188,
11/25/11,340.3520814,-0.03325,
12/2/11,363.9092511,-0.0338,
12/9/11,348.0229518,-0.0442,
12/16/11,365.8845288,-0.0532,
12/23/11,407.2008198,-0.0622,
12/30/11,442.7321879,-0.063,
1/6/12,463.7964414,-0.06025,
1/13/12,547.1842116,-0.0782,
1/20/12,530.4571532,-0.11025,
1/27/12,569.8854192,-0.1258,
2/3/12,653.9407131,-0.146,
2/10/12,674.7292416,-0.1664,
2/17/12,646.5285097,-0.1668,
2/24/12,692.371676,-0.141,
3/2/12,718.3058328,-0.0064,
3/9/12,742.3656182,0.0272,
3/16/12,796.9486439,0.0306,
3/23/12,873.5860954,0.0328,
3/30/12,931.2361807,0.022,
4/6/12,954.6506282,0.0175,
4/13/12,947.0206114,0.0178,
4/20/12,942.6953765,0.0188,
4/27/12,906.104918,0.0206,
5/4/12,861.3246211,0.0168,
5/11/12,835.2054065,0.018,
5/18/12,824.4604435,0.026,
5/25/12,802.5252304,0.0402,
6/1/12,763.42261,0.014,
6/8/12,738.6158155,0.013,
6/15/12,715.5133769,0.0188,
6/22/12,687.2046422,0.0322,
6/29/12,651.6726238,0.032,
7/6/12,606.6685627,0.03425,
7/13/12,566.6946163,0.022,
7/20/12,545.6996018,0.0224,
7/27/12,524.3472847,0.0338,
8/3/12,502.4565412,0.0272,
8/10/12,473.9280455,0.0182,
8/17/12,466.170816,0.0146,
8/24/12,475.7510293,0.0112,
8/31/12,444.1973384,0.0064,
9/7/12,397.6254595,0.0035,
9/14/12,382.993469,0.004,
9/21/12,383.7206124,0.0038,
9/28/12,395.2137674,0.0116,
10/5/12,382.8206942,0.035,
10/12/12,358.9694569,0.0422,
10/19/12,358.3454894,0.0488,
10/26/12,367.2150247,0.037,
11/2/12,353.8300309,0.0234,
11/9/12,312.9085106,0.015,
11/16/12,291.3828817,0.0214,
11/23/12,324.3813628,0.03175,
11/30/12,296.4689486,0.0148,
12/7/12,384.6095537,-0.0034,
12/14/12,422.9008646,-0.026,
12/21/12,474.6755607,-0.033,
12/28/12,452.5597285,-0.035,
1/4/13,368.0064085,-0.03675,
1/11/13,391.4365028,-0.0426,
1/18/13,397.8091436,-0.0282,
1/25/13,377.2902628,-0.03225,
2/1/13,423.2856369,-0.051,
2/8/13,414.8431744,-0.0552,
2/15/13,428.2915107,-0.0662,
2/22/13,386.6642819,-0.05525,
3/1/13,346.8661808,0.0364,
3/8/13,291.9801082,0.0896,
3/15/13,274.08686,0.1144,
3/22/13,207.0578524,0.1904,
3/29/13,127.8866544,0.222,
4/5/13,132.5126511,0.2484,
4/12/13,130.4983614,0.3256,
4/19/13,111.614139,0.363,
4/26/13,86.23572202,0.2928,
5/3/13,100.5704029,0.322,
5/10/13,110.4198239,0.218,
5/17/13,109.6365278,0.233,
5/24/13,105.6017568,0.2494,
5/31/13,113.3030125,0.2025,
6/7/13,115.4110951,0.152,
6/14/13,121.3036736,0.1388,
6/21/13,128.9879647,0.149,
6/28/13,126.5773951,0.0938,
7/5/13,128.6539662,0.08175,
7/12/13,117.880115,0.0792,
7/19/13,110.3226286,0.0852,
7/26/13,120.4038575,0.0746,
8/2/13,169.9879743,0.0514,
8/9/13,186.879585,0.0498,
8/16/13,187.4807392,0.0502,
8/23/13,198.3999236,0.0606,
8/30/13,196.1483694,0.0676,
9/6/13,185.712872,0.069,
9/13/13,149.1221905,0.0712,
9/20/13,154.9190153,0.0792,
9/27/13,189.6334105,0.0488,
10/4/13,194.2502274,0.0432,
10/11/13,197.5340776,0.0546,
10/18/13,215.1192646,0.0652,
10/25/13,197.3460886,0.0418,
11/1/13,199.5639997,0.0236,
11/8/13,194.3810942,0.0108,
11/15/13,165.0480397,0.0132,
11/22/13,181.4106443,0.015,
11/29/13,64.02864597,0.03275,
12/6/13,71.19615562,0.0488,
12/13/13,-92.08279959,0.1324,
12/20/13,-144.8496984,0.1892,
12/27/13,-125.6127309,0.23925,
1/3/14,-165.7836244,0.114,
1/10/14,-279.3112061,0.1086,
1/17/14,-204.838866,0.1904,
1/24/14,-269.3048935,0.33175,
1/31/14,-363.3694393,0.5948,
2/7/14,-443.0428928,0.444,
2/14/14,-550.9454884,0.3848,
2/21/14,-516.0431121,1.082,
2/28/14,-559.5734712,0.5326,
3/7/14,-663.4054018,0.5514,
3/14/14,-667.7749239,0.4806,
3/21/14,-697.4703906,0.4538,
3/28/14,-753.4628719,0.4644,
4/4/14,-732.6253261,0.4712,
4/11/14,-743.0238886,0.4954,
4/18/14,-742.4670985,0.501,
4/25/14,-728.633474,0.5694,
5/2/14,-731.1838153,0.5854,
5/9/14,-715.3657587,0.5242,
5/16/14,-698.187388,0.4252,
5/23/14,-680.3217169,0.4136,
5/30/14,-664.8165851,0.4275,
6/6/14,-650.7936253,0.474,
6/13/14,-625.9060298,0.4654,
6/20/14,-603.2287127,0.4478,
6/27/14,-580.5178336,0.3998,
7/4/14,-565.3606303,0.3735,
7/11/14,-529.9343862,0.2728,
7/18/14,-488.0543446,0.2504,
7/25/14,-449.5395697,0.2048,
8/1/14,-414.4805926,0.2206,
8/8/14,-386.1688755,0.2402,
8/15/14,-354.2093375,0.2404,
8/22/14,-335.9511821,0.2408,
8/29/14,-318.9005997,0.2654,
9/5/14,-302.1997154,0.20325,
9/12/14,-296.749088,0.2192,
9/19/14,-279.8825818,0.2366,
9/26/14,-236.9469464,0.229,
10/3/14,-217.3202393,0.272,
10/10/14,-199.9013017,0.2416,
10/17/14,-174.1069602,0.2202,
10/24/14,-143.5228474,0.1796,
10/31/14,-87.7020316,0.1854,
11/7/14,-71.14632228,0.393,
11/14/14,-72.2868023,0.3654,
11/21/14,-203.5600743,0.5676,
11/28/14,-180.4116566,0.462,
12/5/14,-143.2172425,0.251,
12/12/14,-83.06646377,0.2032,
12/19/14,-7.374957568,0.2046,
12/26/14,83.21480966,0.06325,
1/2/15,71.42634278,0.048,
1/9/15,12.94108511,0.0318,
1/16/15,-22.48687554,0.058,
1/23/15,61.09995018,0.024,
1/30/15,113.9754845,0.0108,
2/6/15,107.0710401,-0.0096,
2/13/15,139.8175125,-0.02,
2/20/15,52.24949387,-0.027,
2/27/15,-67.01312327,0.0622,
3/6/15,-173.7909117,0.1418,
3/13/15,-171.6367078,0.1278,
3/20/15,-131.9986337,0.153,
3/27/15,-134.8123982,0.1436,
4/3/15,-101.7633032,0.1375,
4/10/15,-72.54613852,0.1298,
4/17/15,-32.54833609,0.1254,
4/24/15,-18.50266996,0.1318,
5/1/15,-21.93803343,0.1396,
5/8/15,-0.151341305,0.1536,
5/15/15,0.988696319,0.19,
5/22/15,16.75480949,0.1872,
5/29/15,44.06381735,0.14825,
6/5/15,60.00165436,0.1362,
6/12/15,60.8842668,0.171,
6/19/15,45.55460985,0.172,
6/26/15,41.38693772,0.1514,
7/3/15,47.62477319,0.1445,
7/10/15,75.25111249,0.1374,
7/17/15,84.5686822,0.1548,
7/24/15,83.51700308,0.1538,
7/31/15,75.05084047,0.1486,
8/7/15,88.78266394,0.1606,
8/14/15,84.10058581,0.1696,
8/21/15,92.69771228,0.145,
8/28/15,127.0504313,0.1456,
9/4/15,122.8876972,0.1374,
9/11/15,112.3796335,0.13675,
9/18/15,135.3158211,0.1382,
9/25/15,162.4726967,0.1262,
10/2/15,172.109294,0.1282,
10/9/15,192.663319,0.1218,
10/16/15,204.666815,0.1262,
10/23/15,209.6082165,0.1012,
10/30/15,230.0319371,0.0506,
11/6/15,260.3262613,0.0398,
11/13/15,291.3783557,0.03,
11/20/15,331.4692071,0.029,
11/27/15,324.1480408,-0.007,
12/4/15,337.3693594,-0.042,
12/11/15,427.9498721,-0.073,
12/18/15,523.0997833,-0.109,
12/25/15,583.0423502,-0.07175,
1/1/16,590.6363099,-0.0285,
1/8/16,601.1933763,-0.034,
1/15/16,606.8651149,-0.0536,
1/22/16,575.5047939,-0.076,
1/29/16,593.3204083,-0.0668,
2/5/16,678.1849729,-0.0836,
2/12/16,659.5805134,-0.0592,
2/19/16,676.5420998,-0.06825,
2/26/16,739.5472247,-0.0132,
3/4/16,774.8235783,0.1538,
3/11/16,819.5015083,0.1584,
3/18/16,863.4731233,0.1954,
3/25/16,853.8380755,0.19525,
4/1/16,884.0987197,0.1998,
4/8/16,846.9316115,0.1936,
4/15/16,804.3704264,0.1942,
4/22/16,807.628134,0.215,
4/29/16,797.3077484,0.219,
5/6/16,762.0630761,0.1838,
5/13/16,743.1647806,0.1902,
5/20/16,716.8313358,0.1902,
5/27/16,692.9442198,0.1908,
6/3/16,661.796934,0.21075,
6/10/16,641.6745634,0.2506,
6/17/16,614.3379324,0.2562,
6/24/16,573.291709,0.2732,
7/1/16,530.6101767,0.298,
7/8/16,523.4366112,0.23025,
7/15/16,507.191709,0.2276,
7/22/16,473.5735759,0.2462,
7/29/16,420.5822736,0.2578,
8/5/16,397.7342034,0.2522,
8/12/16,362.4105091,0.2244,
8/19/16,314.3466066,0.2368,
8/26/16,303.0014623,0.2568,
9/2/16,261.9751097,0.2418,
9/9/16,238.508355,0.2195,
9/16/16,207.514224,0.2302,
9/23/16,186.8923398,0.2622,
9/30/16,178.5388272,0.2482,
10/7/16,180.2279397,0.243,
10/14/16,186.4405903,0.281,
10/21/16,201.7392805,0.2378,
10/28/16,219.7659059,0.1612,
11/4/16,249.7988448,0.0842,
11/11/16,296.0435137,0.046,
11/18/16,325.4984885,0.0416,
11/25/16,321.7077382,0.06225,
12/2/16,369.9559613,0.1052,
12/9/16,348.9662079,0.1904,
12/16/16,268.5745242,0.1042,
12/23/16,150.8698908,0.0992,
12/30/16,223.8462771,0.14775,
1/6/17,-190.5665572,0.037,
1/13/17,9.815903818,0.011,
1/20/17,76.6277205,-0.0115,
1/27/17,171.3597307,-0.0202,
2/3/17,191.1527345,-0.0488,
2/10/17,233.8203275,-0.07,
2/17/17,290.896649,-0.1068,
2/24/17,433.4172559,-0.132,
3/3/17,477.7145025,0.4432,
3/10/17,518.0652701,0.4688,
3/17/17,414.2769978,0.4536,
3/24/17,400.5885679,0.4992,
3/31/17,418.1356737,0.5306,
4/7/17,446.6119353,0.5948,
4/14/17,466.0531644,0.5735,
4/21/17,489.9222419,0.527,
4/28/17,486.3768381,0.5168,
5/5/17,452.1544106,0.5274,
5/12/17,427.85854,0.5672,
5/19/17,409.9019434,0.5478,
5/26/17,392.4477954,0.5438,
6/2/17,391.3415531,0.416,
6/9/17,372.0882767,0.3878,
6/16/17,342.9415965,0.3706,
6/23/17,298.5786266,0.3528,
6/30/17,281.6369567,0.416,
7/7/17,257.0183764,0.36375,
7/14/17,212.0295234,0.383,
7/21/17,178.2113325,0.3934,
7/28/17,146.015852,0.371,
8/4/17,128.4893111,0.3066,
8/11/17,129.0501956,0.317,
8/18/17,114.0725463,0.3326,
8/25/17,84.33490277,0.3286,
9/1/17,86.27847457,0.3396,
9/8/17,99.37189563,0.32525,
9/15/17,109.9280135,0.3396,
9/22/17,83.98567314,0.3524,
9/29/17,55.570053,0.3126,
10/6/17,53.20738996,0.2614,
10/13/17,25.01495691,0.2414,
10/20/17,18.42155346,0.2314,
10/27/17,25.06517255,0.205,
11/3/17,3.687066305,0.15,
11/10/17,-38.54640656,0.2574,
11/17/17,-68.10545985,0.207,
11/24/17,-69.27935926,0.12775,
12/1/17,-20.52949326,0.152,
12/8/17,1.76538247,0.0874,
12/15/17,-52.76714216,0.0652,
12/22/17,-34.67237453,0.0642,
12/29/17,-119.9981928,0.1075,
1/5/18,-355.6127949,0.1365,
1/12/18,-355.931805,0.1392,
1/19/18,-456.0202891,0.18075,
1/26/18,-371.2354256,0.1954,
2/2/18,-316.5023417,0.142,
2/9/18,-352.0657397,0.0132,
2/16/18,-328.3403501,-0.0358,
2/23/18,-269.2901381,-0.03225,
3/2/18,-212.7251496,0.22,
3/9/18,-211.3202399,0.297,
3/16/18,-250.5847861,0.2848,
3/23/18,-283.9396751,0.2654,
3/30/18,-297.2138526,0.28225,
4/6/18,-297.5260418,0.2704,
4/13/18,-368.4690856,0.2562,
4/20/18,-437.1589956,0.2812,
4/27/18,-446.4923579,0.311,
5/4/18,-437.5998075,0.2956,
5/11/18,-424.9270426,0.3122,
5/18/18,-427.9219723,0.3414,
5/25/18,-431.4756783,0.3598,
6/1/18,-447.7780445,0.3615,
6/8/18,-450.1164437,0.3664,
6/15/18,-446.2681069,0.3884,
6/22/18,-471.6380509,0.3668,
6/29/18,-473.458272,0.3398,
7/6/18,-505.9962201,0.29175,
7/13/18,-533.7849779,0.2674,
7/20/18,-561.1656407,0.2688,
7/27/18,-579.9275752,0.283,
8/3/18,-579.9792558,0.2956,
8/10/18,-599.998265,0.3198,
8/17/18,-609.6175304,0.3132,
8/24/18,-601.0162029,0.3094,
8/31/18,-601.7704945,0.2946,
9/7/18,-611.5406918,0.26375,
9/14/18,-612.943265,0.254,
9/21/18,-651.815924,0.2804,
9/28/18,-625.0103039,0.2942,
10/5/18,-625.3630768,0.3006,
10/12/18,-623.4204224,0.3346,
10/19/18,-637.8046713,0.3594,
10/26/18,-648.8037635,0.2938,
11/2/18,-620.578965,0.271,
11/9/18,-606.073823,0.369,
11/16/18,-723.4403018,0.9622,
11/23/18,-750.2500778,1.2305,
11/30/18,-765.9697958,1.1648,
12/7/18,-750.6480156,0.999,
12/14/18,-762.7508063,0.9578,
12/21/18,-679.1976337,0.6104,
12/28/18,-577.1706522,0.422,
1/4/19,-543.4028277,0.19625,
1/11/19,-439.6795138,0.1454,
1/18/19,-412.6682987,0.3562,
1/25/19,-399.830582,0.15725,
2/1/19,-461.1574179,0.0504,
2/8/19,-378.9518069,-0.0014,
2/15/19,-406.5773492,-0.0296,
2/22/19,-433.9975322,-0.02925,
3/1/19,-468.1648016,0.2368,
3/8/19,-572.7057498,0.3698,
3/15/19,-572.44657,0.3204,
3/22/19,-578.4679182,0.3386,
3/29/19,-539.5633789,0.3074,
4/5/19,-495.6640189,0.2928,
4/12/19,-438.9913355,0.292,
4/19/19,-398.2402332,0.25975,
4/26/19,-347.3615539,0.2586,
5/3/19,-343.3540257,0.2562,
5/10/19,-331.7126253,0.2454,
5/17/19,-326.745888,0.2554,
5/24/19,-313.3991519,0.2516,
5/31/19,-303.8976421,0.23675,
6/7/19,-301.321164,0.1918,
6/14/19,-278.4778102,0.191,
6/21/19,-272.8547283,0.1648,
6/28/19,-264.5535007,0.1764,
7/5/19,-268.0108167,0.19325,
7/12/19,-279.5994791,0.2316,
7/19/19,-295.5426139,0.2,
7/26/19,-282.8710024,0.179,
8/2/19,-276.4478227,0.1642,
8/9/19,-281.0467255,0.1684,
8/16/19,-281.3076072,0.181,
8/23/19,-282.3673085,0.1778,
8/30/19,-262.8194635,0.1808,
9/6/19,-264.4532792,0.24525,
9/13/19,-268.8145435,0.283,
9/20/19,-252.617521,0.3016,
9/27/19,-212.5906608,0.262,
10/4/19,-205.9335435,0.2054,
10/11/19,-181.8558017,0.1996,
10/18/19,-168.0308961,0.225,
10/25/19,-138.6726995,0.181,
11/1/19,-141.8449962,0.2362,
11/8/19,-163.6012394,0.2732,
11/15/19,-240.7751438,0.1832,
11/22/19,-236.2207964,0.1658,
11/29/19,-207.4100984,0.1095,
12/6/19,-187.0614137,0.094,
12/13/19,-163.7344705,0.0564,
12/20/19,-191.7228928,0.0494,
12/27/19,-126.3431116,0.01925,
1/3/20,-44.19286061,0.00275,
1/10/20,33.57277732,0.0014,
1/17/20,133.6836918,-0.0132,
1/24/20,120.5742617,-0.0375,
1/31/20,161.1875059,-0.0412,
2/7/20,208.1621259,-0.0316,
2/14/20,208.1856518,-0.0304,
2/21/20,205.2950738,-0.00725,
2/28/20,212.3955464,0.08,
3/6/20,260.9087402,0.2252,
3/13/20,299.6916461,0.2648,
3/20/20,301.0038388,0.2582,
3/27/20,298.0870948,0.2518,
4/3/20,355.1980039,0.2426,
4/10/20,392.4864145,0.25925,
4/17/20,383.6785293,0.2652,
4/24/20,380.7692502,0.3054,
5/1/20,407.8917561,0.3104,
5/8/20,415.5017921,0.3108,
5/15/20,400.4301963,0.277,
5/22/20,407.6773744,0.2788,
5/29/20,398.9827604,0.2845,
6/5/20,391.4741156,0.3002,
6/12/20,383.3124864,0.3128,
6/19/20,409.9285943,0.2954,
6/26/20,393.3512706,0.2566,
7/3/20,363.9745868,0.2655,
7/10/20,334.5860196,0.2636,
7/17/20,319.080413,0.2682,
7/24/20,292.1855704,0.2476,
7/31/20,276.0836104,0.2456,
8/7/20,279.904814,0.2746,
8/14/20,263.0023161,0.267,
8/21/20,246.2815858,0.2916,
8/28/20,216.1315674,0.3078,
9/4/20,205.6341333,0.3596,
9/11/20,205.314178,0.3255,
9/18/20,184.5808819,0.2916,
9/25/20,187.8289824,0.3398,
10/2/20,170.4959897,0.3022,
10/9/20,135.708819,0.3196,
10/16/20,110.7428791,0.3088,
10/23/20,79.4583644,0.282,
10/30/20,5.888972503,0.2662,
11/6/20,-11.12865589,0.1566,
11/13/20,36.89001418,0.1238,
11/20/20,51.80848501,0.0836,
11/27/20,99.14959898,0.1135,
12/4/20,102.5251882,0.0676,
12/11/20,112.2818653,-0.002,
12/18/20,94.7518481,-0.0112,
12/25/20,105.484429,-0.012,
1/1/21,103.0171065,-0.02,
1/8/21,157.8250685,-0.01,
1/15/21,165.0356822,0.0018,
1/22/21,226.9791054,-0.035,
1/29/21,214.5324297,-0.0238,
2/5/21,207.2760587,0.0282,
2/12/21,122.9486527,0.0264,
2/19/21,-73.41232022,0.13075,
2/26/21,-54.04410563,0.1894,
3/5/21,-8.476769778,0.4074,
3/12/21,28.82986221,0.3558,
3/19/21,27.47559575,0.3342,
3/26/21,57.73756853,0.3438,
4/2/21,97.06002683,0.33875,
4/9/21,121.9641645,0.3198,
4/16/21,107.5972917,0.3482,
4/23/21,48.90005416,0.3858,
4/30/21,26.13753794,0.4048,
5/7/21,0.716209531,0.3976,
5/14/21,-25.39371946,0.3974,
5/21/21,-13.24609923,0.4176,
5/28/21,-27.13683718,0.3882,
6/4/21,-30.73060479,0.39,
6/11/21,-108.897217,0.4158,
6/18/21,-148.2880832,0.4332,
6/25/21,-154.7439581,0.4344,
7/2/21,-225.0400097,0.4996,
7/9/21,-245.2284817,0.51475,
7/16/21,-249.2965602,0.5578,
7/23/21,-266.7578568,0.6186,
7/30/21,-303.3849565,0.6134,
8/6/21,-309.1436465,0.6186,
8/13/21,-323.6877606,0.5682,
8/20/21,-357.0695199,0.5182,
8/27/21,-402.9174016,0.5694,
9/3/21,-432.2784541,0.7294,
9/10/21,-439.5571005,0.8195,
9/17/21,-451.2207152,1.1764,
9/24/21,-436.7513745,1.0038,
10/1/21,-412.074477,1.3928,
10/8/21,-412.7265603,1.5096,
10/15/21,-395.4833456,1.2922,
10/22/21,-369.4105716,1.118,
10/29/21,-344.3770588,1.3496,
11/5/21,-362.6560723,1.127,
11/12/21,-319.4448278,0.7108,
11/19/21,-307.1622336,0.6916,
11/26/21,-317.2907036,0.602,
12/3/21,-280.8882099,0.2658,
12/10/21,-235.7017989,0.078,
12/17/21,-154.773411,0.0596,
12/24/21,-164.6880304,0.05075,
12/31/21,-66.77292633,0.054,
1/7/22,-54.92264034,0.0444,
1/14/22,-261.552404,0.0976,
1/21/22,-284.2017122,0.03025,
1/28/22,-360.1659578,0.0622,
2/4/22,-400.6352442,0.2164,
2/11/22,-425.0885867,0.023,
2/18/22,-399.7352118,0.071,
2/25/22,-395.5371641,0.219,
3/4/22,-400.8768279,0.9856,
3/11/22,-381.235078,0.9222,
3/18/22,-383.3946483,0.9562,
3/25/22,-326.4089596,1.1074,
4/1/22,-342.9648333,1.194,
4/8/22,-308.4267575,1.3452,
4/15/22,-291.9142825,1.685,
4/22/22,-304.8508927,1.757,
4/29/22,-302.3512418,1.625,
5/6/22,-310.0157998,1.903,
5/13/22,-318.4883266,1.7208,
5/20/22,-329.6565566,1.933,
5/27/22,-351.6296397,2.0148,
6/3/22,-362.7395039,1.80975,
6/10/22,-373.4392621,1.953,
6/17/22,-394.6301839,1.3328,
6/24/22,-408.047389,1.13975,
7/1/22,-431.3987105,1.0712,
7/8/22,-460.63181,0.88625,
7/15/22,-504.6355695,1.0244,
7/22/22,-543.2769367,1.454,
7/29/22,-556.3155807,1.7428,
8/5/22,-562.4779189,1.6364,
8/12/22,-599.8276544,1.6168,
8/19/22,-601.0257234,1.8096,
8/26/22,-603.0812237,1.836,
9/2/22,-615.6403893,1.6988,
9/9/22,-620.8816682,1.41525,
9/16/22,-609.1374421,1.5514,
9/23/22,-594.7492661,1.2892,
9/30/22,-540.0736614,1.1682,
10/7/22,-509.4059143,1.2274,
10/14/22,-480.9395431,1.0818,
10/21/22,-504.5023824,0.7852,
10/28/22,-459.0846795,0.7672,
11/4/22,-418.4558983,0.842,
11/11/22,-380.0013237,0.7332,
11/18/22,-442.5938014,0.7848,
11/25/22,-489.9400814,1.2495,
12/2/22,-461.5279351,0.9,
12/9/22,-415.0787888,0.5046,
12/16/22,-367.4351489,0.5774,
12/23/22,-443.0203097,0.2848,
12/30/22,-536.5561141,0.214,
1/6/23,-395.2319983,0.085,
1/13/23,-284.3001128,0.0548,
1/20/23,-171.8497218,0.019,
1/27/23,-128.7611141,-0.0074,
2/3/23,-162.2903204,-0.063,
2/10/23,-94.97465385,-0.0788,
2/17/23,-9.972210846,-0.0872,
2/24/23,53.75544182,-0.11075,
3/3/23,89.68352009,0.3792,
3/10/23,131.379412,0.3396,
3/17/23,108.7435678,0.3134,
3/24/23,93.06279732,0.291,
3/31/23,86.68564043,0.2788,
4/7/23,131.4352653,0.2862,
4/14/23,169.5634675,0.2828,
4/21/23,195.0678698,0.29,
4/28/23,173.7795623,0.2758,
5/5/23,167.229982,0.2752,
5/12/23,167.7260908,0.3206,
5/19/23,164.5195276,0.3402,
5/26/23,169.4468867,0.3074,
6/2/23,159.1408985,0.284,
6/9/23,139.3560175,0.2964,
6/16/23,138.1601127,0.31,
6/23/23,117.7359335,0.309,
6/30/23,105.5060608,0.3114,
7/7/23,70.3535935,0.29925,
7/14/23,34.54992922,0.2938,
7/21/23,-3.653909929,0.2764,
7/28/23,-44.25900789,0.296,
8/4/23,-65.94648586,0.2866,
8/11/23,-86.87611489,0.3152,
8/18/23,-130.7158001,0.3304,
8/25/23,-162.4323294,0.324,
9/1/23,-196.6893583,0.2974,
9/8/23,-222.7942556,0.2725,
9/15/23,-251.0087206,0.2704,
9/22/23,-250.5508632,0.2392,
9/29/23,-239.6540182,0.2344,
10/6/23,-250.976381,0.2212,
10/13/23,-237.3749224,0.2388,
10/20/23,-239.7286072,0.207,
10/27/23,-222.9536156,0.1996,
11/3/23,-267.7219296,0.2018,
11/10/23,-233.5287402,0.1178,
11/17/23,-222.9286434,0.1042,
11/24/23,-178.9107999,0.0795,
12/1/23,-245.9682377,0.0444,
12/8/23,-203.4921869,0.018,
12/15/23,-154.4188131,-0.0082,
12/22/23,-102.5455689,0.009,
12/29/23,12.27142652,0.02175,
1/5/24,3.97796886,0.04,
1/12/24,44.95217836,0.0406,
1/19/24,-80.49773136,0.009,
1/26/24,-81.35627046,-0.0226,
2/2/24,29.05460342,-0.0208,
2/9/24,144.139279,-0.0144,
2/16/24,241.7907901,-0.0556,
2/23/24,292.0480478,-0.089,
3/1/24,373.2438681,0.081,
3/8/24,464.9939021,0.2168,
3/15/24,521.8817839,0.205,
3/22/24,517.5345543,0.2034,
3/29/24,497.3361141,0.1935,
4/5/24,541.2972882,0.2082,
4/12/24,554.0412175,0.2004,
4/19/24,591.9866322,0.1962,
4/26/24,574.9103663,0.2068,
5/3/24,574.4757638,0.212,
5/10/24,545.9405082,0.2242,
5/17/24,524.6956119,0.2404,
5/24/24,503.523413,0.2498,
5/31/24,484.021301,0.23425,
6/7/24,453.1512972,0.2438,
6/14/24,426.9504094,0.2894,
6/21/24,381.5192561,0.27725,
6/28/24,333.4108321,0.266,
7/5/24,309.338997,0.203,
7/12/24,241.735428,0.1976,
7/19/24,208.9691169,0.1932,
7/26/24,171.7975649,0.1746,
8/2/24,141.5849472,0.1632,
8/9/24,79.07542459,0.1456,
8/16/24,42.59412317,0.1402,